/advanced/asset_pipeline               /advanced/asset-pipeline              301
/advanced/custom                       /advanced/custom-extensions           301
/advanced/custom-templates             /advanced/project-templates           301
/advanced/custom_extensions            /advanced/custom-extensions           301
/advanced/data_files                   /advanced/data-files                  301
/advanced/dynamic_pages                /advanced/dynamic-pages               301
/advanced/file_size_optimization       /advanced/file-size-optimization      301
/advanced/improving_cacheability       /advanced/improving-cacheability      301
/advanced/local-data                   /advanced/data-files                  301
/advanced/pretty_urls                  /advanced/pretty-urls                 301
/advanced/project_templates            /advanced/project-templates           301
/advanced/rack_middleware              /advanced/rack-middleware             301

/jp/advanced/asset_pipeline            /jp/advanced/asset-pipeline           301
/jp/advanced/custom                    /jp/advanced/custom-extensions        301
/jp/advanced/custom-templates          /jp/advanced/project-templates        301
/jp/advanced/custom_extensions         /jp/advanced/custom-extensions        301
/jp/advanced/data_files                /jp/advanced/data-files               301
/jp/advanced/dynamic_pages             /jp/advanced/dynamic-pages            301
/jp/advanced/file_size_optimization    /jp/advanced/file-size-optimization   301
/jp/advanced/improving_cacheability    /jp/advanced/improving-cacheability   301
/jp/advanced/local-data                /jp/advanced/data-files               301
/jp/advanced/pretty_urls               /jp/advanced/pretty-urls              301
/jp/advanced/project_templates         /jp/advanced/project-templates        301
/jp/advanced/rack_middleware           /jp/advanced/rack-middleware          301

/basics/asset-pipeline                 /advanced/asset-pipeline              301
/basics/build_and_deploy               /basics/build-and-deploy              301
/basics/development_cycle              /basics/development-cycle             301
/basics/dynamic-pages                  /advanced/dynamic-pages               301
/basics/getting-started                /basics/install                       301
/basics/helper_methods                 /basics/helper-methods                301
/basics/helpers                        /basics/helper-methods                301
/basics/pretty-urls                    /advanced/pretty-urls                 301
/basics/start_new_site                 /basics/start-new-site                301
/basics/templates                      /basics/templating-language           301
/basics/templating_language            /basics/templating-language           301

/jp/basics/asset-pipeline              /jp/advanced/asset-pipeline           301
/jp/basics/build_and_deploy            /jp/basics/build-and-deploy           301
/jp/basics/development_cycle           /jp/basics/development-cycle          301
/jp/basics/dynamic-pages               /jp/advanced/dynamic-pages            301
/jp/basics/getting-started             /jp/basics/install                    301
/jp/basics/helper_methods              /jp/basics/helper-methods             301
/jp/basics/helpers                     /jp/basics/helper-methods             301
/jp/basics/pretty-urls                 /jp/advanced/pretty-urls              301
/jp/basics/start_new_site              /jp/basics/start-new-site             301
/jp/basics/templates                   /jp/basics/templating-language        301
/jp/basics/templating_language         /jp/basics/templating-language        301

/community/built_using_middleman       /community/built-using-middleman      301

/jp/community/built_using_middleman    /jp/community/built-using-middleman   301

/getting-started/                      /basics/install/                      301

/jp/getting-started/                   /jp/basics/install                    301
